onset	duration	trial_type	value	sample
12	3.0	palmar_grasp	3	3072
19.855469	3.0	palmar_grasp	3	5083
26.816406	3.0	pronation	4	6865
33.550781	3.0	supination	5	8589
41.492188	3.0	lateral_grasp	2	10622
49.421875	3.0	lateral_grasp	2	12652
56.160156	3.0	pronation	4	14377
62.78125	3.0	hand_open	1	16072
70.054688	3.0	lateral_grasp	2	17934
77.660156	3.0	hand_open	1	19881
84.980469	3.0	supination	5	21755
91.417969	3.0	supination	5	23403
97.660156	3.0	palmar_grasp	3	25001
105.582031	3.0	pronation	4	27029
113.539062	3.0	lateral_grasp	2	29066
120.023438	3.0	palmar_grasp	3	30726
127.148438	3.0	hand_open	1	32550
134.347656	3.0	supination	5	34393
141.265625	3.0	pronation	4	36164
147.605469	3.0	supination	5	37787
154.09375	3.0	pronation	4	39448
161.996094	3.0	hand_open	1	41471
168.574219	3.0	palmar_grasp	3	43155
176.285156	3.0	supination	5	45129
184.042969	3.0	palmar_grasp	3	47115
190.855469	3.0	lateral_grasp	2	48859
197.792969	3.0	hand_open	1	50635
204.003906	3.0	pronation	4	52225
210.191406	3.0	lateral_grasp	2	53809
217.84375	3.0	pronation	4	55768
225.464844	3.0	palmar_grasp	3	57719
232.71875	3.0	supination	5	59576
239.832031	3.0	hand_open	1	61397
247.808594	3.0	hand_open	1	63439
254.8125	3.0	lateral_grasp	2	65232
262.421875	3.0	palmar_grasp	3	67180
268.898438	3.0	hand_open	1	68838
276.808594	3.0	pronation	4	70863
282.957031	3.0	lateral_grasp	2	72437
289.148438	3.0	supination	5	74022
